src_id,dst_id,link_type,str_type,link_weight
37,1,relationship,1,1
16,12,relationship,1,1
37,16,relationship,1,1
37,20,relationship,1,1
37,25,relationship,1,1
12,33,relationship,1,1
1,34,relationship,1,1
33,42,relationship,1,1
129,106,relationship,1,1
112,109,relationship,1,1
129,112,relationship,1,1
129,116,relationship,1,1
132,120,relationship,1,1
109,123,relationship,1,1
123,126,relationship,1,1
129,132,relationship,1,1
170,168,relationship,1,1
170,169,relationship,1,1
177,172,relationship,1,1
175,173,relationship,1,1
169,175,relationship,1,1
170,177,relationship,1,1
173,180,relationship,1,1
170,183,relationship,1,1
237,226,relationship,1,1
237,227,relationship,1,1
231,229,relationship,1,1
237,231,relationship,1,1
244,233,relationship,1,1
229,240,relationship,1,1
237,244,relationship,1,1
240,245,relationship,1,1
382,381,relationship,1,1
389,383,relationship,1,1
388,384,relationship,1,1
387,385,relationship,1,1
382,386,relationship,1,1
382,387,relationship,1,1
385,388,relationship,1,1
382,389,relationship,1,1
382,390,relationship,1,1
446,433,relationship,1,1
440,436,relationship,1,1
440,438,relationship,1,1
440,442,relationship,1,1
440,443,relationship,1,1
451,446,relationship,1,1
443,449,relationship,1,1
442,451,relationship,1,1
440,454,relationship,1,1
521,519,relationship,1,1
518,520,relationship,1,1
518,521,relationship,1,1
524,522,relationship,1,1
518,523,relationship,1,1
518,524,relationship,1,1
518,525,relationship,1,1
519,526,relationship,1,1
526,528,relationship,1,1
55,5,relationship,1,1
47,41,relationship,1,1
41,44,relationship,1,1
47,45,relationship,1,1
45,49,relationship,1,1
41,51,relationship,1,1
47,53,relationship,1,1
47,55,relationship,1,1
55,56,relationship,1,1
125,107,relationship,1,1
136,111,relationship,1,1
111,115,relationship,1,1
136,119,relationship,1,1
136,122,relationship,1,1
136,125,relationship,1,1
111,128,relationship,1,1
122,131,relationship,1,1
125,134,relationship,1,1
206,196,relationship,1,1
202,198,relationship,1,1
204,200,relationship,1,1
214,202,relationship,1,1
214,204,relationship,1,1
214,206,relationship,1,1
202,208,relationship,1,1
206,210,relationship,1,1
214,212,relationship,1,1
281,263,relationship,1,1
268,266,relationship,1,1
266,270,relationship,1,1
284,272,relationship,1,1
268,274,relationship,1,1
284,276,relationship,1,1
281,278,relationship,1,1
268,281,relationship,1,1
268,284,relationship,1,1
358,352,relationship,1,1
365,355,relationship,1,1
365,358,relationship,1,1
375,361,relationship,1,1
358,363,relationship,1,1
375,368,relationship,1,1
365,371,relationship,1,1
365,375,relationship,1,1
371,377,relationship,1,1
605,602,relationship,1,1
617,604,relationship,1,1
611,605,relationship,1,1
611,607,relationship,1,1
607,609,relationship,1,1
607,613,relationship,1,1
605,614,relationship,1,1
611,617,relationship,1,1
611,618,relationship,1,1
635,633,relationship,1,1
635,636,relationship,1,1
15,2,relationship,1,1
15,10,relationship,1,1
145,146,relationship,1,1
145,147,relationship,1,1
222,218,relationship,1,1
222,220,relationship,1,1
246,247,relationship,1,1
246,248,relationship,1,1
275,279,relationship,1,1
275,282,relationship,1,1
324,327,relationship,1,1
324,329,relationship,1,1
391,392,relationship,1,1
391,393,relationship,1,1
416,410,relationship,1,1
416,413,relationship,1,1
478,473,relationship,1,1
478,476,relationship,1,1
589,590,relationship,1,1
589,591,relationship,1,1
589,592,relationship,1,1
589,593,relationship,1,1
628,624,relationship,1,1
628,625,relationship,1,1
628,626,relationship,1,1
628,627,relationship,1,1
688,676,relationship,1,1
688,680,relationship,1,1
688,682,relationship,1,1
688,685,relationship,1,1
728,727,relationship,1,1
728,729,relationship,1,1
728,730,relationship,1,1
728,731,relationship,1,1
778,777,relationship,1,1
778,779,relationship,1,1
778,780,relationship,1,1
778,781,relationship,1,1
944,903,relationship,1,1
926,905,relationship,1,1
944,906,relationship,1,1
944,907,relationship,1,1
941,908,relationship,1,1
931,909,relationship,1,1
949,910,relationship,1,1
923,911,relationship,1,1
944,912,relationship,1,1
925,913,relationship,1,1
910,914,relationship,1,1
944,915,relationship,1,1
947,916,relationship,1,1
944,917,relationship,1,1
914,918,relationship,1,1
944,919,relationship,1,1
944,920,relationship,1,1
944,921,relationship,1,1
917,922,relationship,1,1
944,923,relationship,1,1
944,924,relationship,1,1
944,925,relationship,1,1
928,926,relationship,1,1
912,927,relationship,1,1
949,928,relationship,1,1
944,929,relationship,1,1
944,930,relationship,1,1
943,931,relationship,1,1
944,932,relationship,1,1
944,933,relationship,1,1
944,935,relationship,1,1
908,937,relationship,1,1
944,940,relationship,1,1
919,941,relationship,1,1
941,942,relationship,1,1
949,943,relationship,1,1
938,944,relationship,1,1
949,945,relationship,1,1
945,946,relationship,1,1
948,947,relationship,1,1
949,948,relationship,1,1
944,949,relationship,1,1
946,950,relationship,1,1
940,951,relationship,1,1
915,953,relationship,1,1
923,954,relationship,1,1
91,7,relationship,1,1
78,59,relationship,1,1
59,60,relationship,1,1
78,61,relationship,1,1
78,62,relationship,1,1
79,63,relationship,1,1
68,64,relationship,1,1
72,65,relationship,1,1
100,66,relationship,1,1
78,67,relationship,1,1
75,68,relationship,1,1
67,69,relationship,1,1
78,70,relationship,1,1
78,71,relationship,1,1
69,72,relationship,1,1
78,73,relationship,1,1
78,74,relationship,1,1
77,75,relationship,1,1
78,76,relationship,1,1
78,77,relationship,1,1
101,78,relationship,1,1
78,79,relationship,1,1
70,80,relationship,1,1
67,81,relationship,1,1
87,82,relationship,1,1
78,83,relationship,1,1
78,84,relationship,1,1
83,85,relationship,1,1
67,86,relationship,1,1
67,87,relationship,1,1
93,88,relationship,1,1
75,89,relationship,1,1
104,90,relationship,1,1
96,91,relationship,1,1
70,92,relationship,1,1
81,93,relationship,1,1
78,94,relationship,1,1
62,95,relationship,1,1
67,96,relationship,1,1
78,97,relationship,1,1
78,98,relationship,1,1
82,99,relationship,1,1
86,100,relationship,1,1
78,102,relationship,1,1
78,103,relationship,1,1
78,104,relationship,1,1
313,249,relationship,1,1
313,250,relationship,1,1
313,251,relationship,1,1
280,252,relationship,1,1
313,253,relationship,1,1
313,254,relationship,1,1
313,255,relationship,1,1
249,256,relationship,1,1
313,257,relationship,1,1
264,258,relationship,1,1
313,259,relationship,1,1
313,260,relationship,1,1
311,261,relationship,1,1
313,262,relationship,1,1
308,264,relationship,1,1
262,265,relationship,1,1
303,267,relationship,1,1
251,269,relationship,1,1
313,271,relationship,1,1
267,273,relationship,1,1
313,277,relationship,1,1
313,280,relationship,1,1
313,283,relationship,1,1
287,285,relationship,1,1
249,286,relationship,1,1
297,287,relationship,1,1
306,288,relationship,1,1
256,289,relationship,1,1
313,290,relationship,1,1
312,291,relationship,1,1
260,293,relationship,1,1
249,297,relationship,1,1
303,299,relationship,1,1
249,301,relationship,1,1
253,303,relationship,1,1
313,304,relationship,1,1
313,306,relationship,1,1
313,307,relationship,1,1
249,308,relationship,1,1
313,309,relationship,1,1
289,310,relationship,1,1
301,311,relationship,1,1
286,312,relationship,1,1
315,313,relationship,1,1
277,314,relationship,1,1
306,316,relationship,1,1
463,461,relationship,1,1
463,462,relationship,1,1
468,463,relationship,1,1
484,464,relationship,1,1
504,465,relationship,1,1
463,466,relationship,1,1
490,467,relationship,1,1
514,469,relationship,1,1
494,470,relationship,1,1
463,471,relationship,1,1
463,472,relationship,1,1
497,474,relationship,1,1
484,475,relationship,1,1
515,477,relationship,1,1
502,479,relationship,1,1
463,480,relationship,1,1
463,481,relationship,1,1
463,482,relationship,1,1
488,483,relationship,1,1
463,484,relationship,1,1
480,485,relationship,1,1
463,486,relationship,1,1
498,487,relationship,1,1
463,488,relationship,1,1
463,489,relationship,1,1
494,490,relationship,1,1
492,491,relationship,1,1
494,492,relationship,1,1
489,493,relationship,1,1
463,494,relationship,1,1
463,495,relationship,1,1
491,496,relationship,1,1
463,497,relationship,1,1
493,498,relationship,1,1
467,500,relationship,1,1
494,502,relationship,1,1
463,504,relationship,1,1
463,506,relationship,1,1
463,509,relationship,1,1
494,511,relationship,1,1
463,512,relationship,1,1
479,513,relationship,1,1
470,514,relationship,1,1
511,515,relationship,1,1
493,516,relationship,1,1
482,517,relationship,1,1
640,632,relationship,1,1
677,634,relationship,1,1
644,638,relationship,1,1
641,639,relationship,1,1
672,640,relationship,1,1
659,641,relationship,1,1
665,642,relationship,1,1
659,643,relationship,1,1
659,644,relationship,1,1
659,645,relationship,1,1
672,646,relationship,1,1
659,647,relationship,1,1
692,649,relationship,1,1
659,651,relationship,1,1
659,653,relationship,1,1
671,655,relationship,1,1
632,657,relationship,1,1
637,659,relationship,1,1
659,661,relationship,1,1
700,662,relationship,1,1
672,663,relationship,1,1
659,664,relationship,1,1
663,665,relationship,1,1
646,666,relationship,1,1
659,667,relationship,1,1
659,668,relationship,1,1
644,669,relationship,1,1
666,670,relationship,1,1
700,671,relationship,1,1
659,672,relationship,1,1
659,673,relationship,1,1
659,674,relationship,1,1
672,677,relationship,1,1
696,679,relationship,1,1
634,683,relationship,1,1
659,687,relationship,1,1
667,690,relationship,1,1
706,692,relationship,1,1
659,696,relationship,1,1
659,698,relationship,1,1
698,700,relationship,1,1
659,702,relationship,1,1
672,706,relationship,1,1
702,708,relationship,1,1
659,718,relationship,1,1
643,723,relationship,1,1
739,734,relationship,1,1
739,736,relationship,1,1
739,743,relationship,1,1
739,747,relationship,1,1
788,791,relationship,1,1
788,794,relationship,1,1
788,797,relationship,1,1
788,799,relationship,1,1
821,820,relationship,1,1
821,823,relationship,1,1
821,824,relationship,1,1
821,826,relationship,1,1
891,887,relationship,1,1
891,888,relationship,1,1
891,889,relationship,1,1
891,890,relationship,1,1
939,934,relationship,1,1
936,939,relationship,1,1
983,982,relationship,1,1
981,983,relationship,1,1
1013,1015,relationship,1,1
1015,1017,relationship,1,1
1111,1103,relationship,1,1
1107,1111,relationship,1,1
1130,1123,relationship,1,1
1123,1127,relationship,1,1
1237,1235,relationship,1,1
1246,1236,relationship,1,1
1237,1238,relationship,1,1
1246,1239,relationship,1,1
1237,1242,relationship,1,1
1237,1244,relationship,1,1
1237,1246,relationship,1,1
1009,1008,relationship,1,1
1008,1010,relationship,1,1
1008,1011,relationship,1,1
1009,1012,relationship,1,1
1009,1014,relationship,1,1
1009,1016,relationship,1,1
1009,1018,relationship,1,1
1050,1047,relationship,1,1
1052,1050,relationship,1,1
1050,1053,relationship,1,1
1052,1054,relationship,1,1
1052,1055,relationship,1,1
1052,1063,relationship,1,1
1052,1064,relationship,1,1
1118,1098,relationship,1,1
1120,1102,relationship,1,1
1118,1105,relationship,1,1
1120,1108,relationship,1,1
1118,1112,relationship,1,1
1118,1115,relationship,1,1
1118,1120,relationship,1,1
1155,1148,relationship,1,1
1155,1152,relationship,1,1
1222,1217,relationship,1,1
1222,1220,relationship,1,1
1289,1287,relationship,1,1
1289,1288,relationship,1,1
1293,1295,relationship,1,1
1293,1298,relationship,1,1
1291,1290,relationship,1,1
1291,1292,relationship,1,1
1326,1323,relationship,1,1
1343,1326,relationship,1,1
1343,1328,relationship,1,1
1343,1329,relationship,1,1
1337,1331,relationship,1,1
1326,1333,relationship,1,1
1341,1335,relationship,1,1
1343,1336,relationship,1,1
1343,1337,relationship,1,1
1343,1338,relationship,1,1
1343,1340,relationship,1,1
1343,1341,relationship,1,1
1326,1345,relationship,1,1
1637,1393,relationship,1,1
1633,1394,relationship,1,1
1637,1621,relationship,1,1
1637,1622,relationship,1,1
1633,1623,relationship,1,1
1633,1624,relationship,1,1
1637,1625,relationship,1,1
1637,1627,relationship,1,1
1637,1628,relationship,1,1
1637,1630,relationship,1,1
1625,1632,relationship,1,1
1637,1633,relationship,1,1
1627,1635,relationship,1,1
1702,1695,relationship,1,1
1702,1696,relationship,1,1
1702,1697,relationship,1,1
1702,1698,relationship,1,1
1695,1699,relationship,1,1
1695,1700,relationship,1,1
1702,1701,relationship,1,1
1702,1703,relationship,1,1
1703,1704,relationship,1,1
1702,1705,relationship,1,1
1698,1706,relationship,1,1
1702,1707,relationship,1,1
1695,1708,relationship,1,1
1464,1350,relationship,1,1
1464,1351,relationship,1,1
1478,1464,relationship,1,1
1478,1466,relationship,1,1
1478,1468,relationship,1,1
1478,1470,relationship,1,1
1470,1472,relationship,1,1
1478,1474,relationship,1,1
1483,1476,relationship,1,1
1464,1480,relationship,1,1
1478,1481,relationship,1,1
1478,1483,relationship,1,1
1478,1485,relationship,1,1
1601,1594,relationship,1,1
1601,1595,relationship,1,1
1601,1596,relationship,1,1
1598,1597,relationship,1,1
1601,1598,relationship,1,1
1607,1599,relationship,1,1
1601,1600,relationship,1,1
1601,1603,relationship,1,1
1598,1605,relationship,1,1
1601,1607,relationship,1,1
1598,1608,relationship,1,1
1601,1612,relationship,1,1
1594,1616,relationship,1,1
1669,1666,relationship,1,1
1677,1667,relationship,1,1
1669,1668,relationship,1,1
1669,1670,relationship,1,1
1670,1671,relationship,1,1
1676,1672,relationship,1,1
1669,1673,relationship,1,1
1669,1674,relationship,1,1
1676,1675,relationship,1,1
1669,1676,relationship,1,1
1669,1677,relationship,1,1
1676,1678,relationship,1,1
1669,1679,relationship,1,1
1718,1715,relationship,1,1
1718,1716,relationship,1,1
1719,1717,relationship,1,1
1718,1719,relationship,1,1
24,3,relationship,1,1
29,13,relationship,1,1
24,19,relationship,1,1
24,29,relationship,1,1
108,105,relationship,1,1
118,108,relationship,1,1
118,110,relationship,1,1
118,114,relationship,1,1
163,164,relationship,1,1
163,165,relationship,1,1
163,166,relationship,1,1
166,167,relationship,1,1
195,191,relationship,1,1
195,192,relationship,1,1
195,193,relationship,1,1
192,194,relationship,1,1
243,230,relationship,1,1
241,235,relationship,1,1
243,238,relationship,1,1
243,241,relationship,1,1
360,342,relationship,1,1
373,345,relationship,1,1
338,347,relationship,1,1
338,349,relationship,1,1
349,351,relationship,1,1
370,354,relationship,1,1
338,357,relationship,1,1
338,360,relationship,1,1
351,364,relationship,1,1
342,367,relationship,1,1
349,370,relationship,1,1
360,373,relationship,1,1
421,404,relationship,1,1
409,407,relationship,1,1
425,412,relationship,1,1
429,415,relationship,1,1
409,418,relationship,1,1
418,419,relationship,1,1
425,421,relationship,1,1
412,423,relationship,1,1
409,425,relationship,1,1
418,429,relationship,1,1
409,430,relationship,1,1
419,432,relationship,1,1
548,536,relationship,1,1
542,539,relationship,1,1
555,541,relationship,1,1
554,542,relationship,1,1
555,544,relationship,1,1
544,546,relationship,1,1
554,548,relationship,1,1
558,550,relationship,1,1
558,554,relationship,1,1
558,555,relationship,1,1
558,556,relationship,1,1
541,557,relationship,1,1
583,576,relationship,1,1
577,578,relationship,1,1
588,579,relationship,1,1
579,580,relationship,1,1
584,581,relationship,1,1
585,582,relationship,1,1
578,583,relationship,1,1
578,584,relationship,1,1
588,585,relationship,1,1
577,586,relationship,1,1
577,587,relationship,1,1
577,588,relationship,1,1
719,704,relationship,1,1
709,712,relationship,1,1
709,715,relationship,1,1
712,719,relationship,1,1
715,721,relationship,1,1
737,732,relationship,1,1
737,733,relationship,1,1
741,735,relationship,1,1
733,741,relationship,1,1
732,745,relationship,1,1
789,793,relationship,1,1
798,796,relationship,1,1
800,798,relationship,1,1
789,800,relationship,1,1
793,801,relationship,1,1
829,822,relationship,1,1
825,827,relationship,1,1
831,828,relationship,1,1
827,829,relationship,1,1
825,831,relationship,1,1
884,875,relationship,1,1
884,877,relationship,1,1
875,880,relationship,1,1
877,882,relationship,1,1
880,886,relationship,1,1
958,952,relationship,1,1
958,955,relationship,1,1
958,956,relationship,1,1
958,957,relationship,1,1
958,959,relationship,1,1
958,960,relationship,1,1
958,961,relationship,1,1
1194,1180,relationship,1,1
1194,1182,relationship,1,1
1194,1184,relationship,1,1
1194,1186,relationship,1,1
1194,1188,relationship,1,1
1194,1190,relationship,1,1
1194,1192,relationship,1,1
1277,1276,relationship,1,1
1277,1278,relationship,1,1
1277,1279,relationship,1,1
1277,1281,relationship,1,1
1277,1283,relationship,1,1
1277,1285,relationship,1,1
1277,1286,relationship,1,1
1306,1300,relationship,1,1
1306,1302,relationship,1,1
1306,1304,relationship,1,1
1306,1307,relationship,1,1
1306,1308,relationship,1,1
1306,1309,relationship,1,1
1306,1310,relationship,1,1
1346,1347,relationship,1,1
1347,1348,relationship,1,1
1346,1349,relationship,1,1
1495,1489,relationship,1,1
1491,1493,relationship,1,1
1491,1495,relationship,1,1
1585,1580,relationship,1,1
1585,1582,relationship,1,1
1585,1583,relationship,1,1
1585,1587,relationship,1,1
1580,1589,relationship,1,1
1653,1650,relationship,1,1
1659,1653,relationship,1,1
1659,1655,relationship,1,1
1659,1657,relationship,1,1
1659,1661,relationship,1,1
1713,1709,relationship,1,1
1714,1710,relationship,1,1
1713,1711,relationship,1,1
1713,1712,relationship,1,1
1713,1714,relationship,1,1
1737,1734,relationship,1,1
1836,1834,relationship,1,1
1879,1880,relationship,1,1
1879,1881,relationship,1,1
1880,1882,relationship,1,1
1879,1883,relationship,1,1
1879,1884,relationship,1,1
1880,1885,relationship,1,1
1880,1886,relationship,1,1
2016,2019,relationship,1,1
2016,2021,relationship,1,1
2016,2023,relationship,1,1
2021,2025,relationship,1,1
2021,2027,relationship,1,1
2021,2029,relationship,1,1
2016,2031,relationship,1,1
2147,2146,relationship,1,1
2147,2148,relationship,1,1
2147,2149,relationship,1,1
2147,2150,relationship,1,1
2147,2151,relationship,1,1
2225,2224,relationship,1,1
2225,2226,relationship,1,1
2225,2227,relationship,1,1
2225,2228,relationship,1,1
2225,2229,relationship,1,1
4,8,relationship,1,1
4,14,relationship,1,1
4,21,relationship,1,1
4,26,relationship,1,1
4,30,relationship,1,1
140,137,relationship,1,1
140,138,relationship,1,1
140,139,relationship,1,1
140,142,relationship,1,1
140,144,relationship,1,1
182,171,relationship,1,1
182,174,relationship,1,1
182,176,relationship,1,1
182,178,relationship,1,1
182,179,relationship,1,1
239,228,relationship,1,1
239,232,relationship,1,1
239,234,relationship,1,1
239,236,relationship,1,1
239,242,relationship,1,1
323,317,relationship,1,1
328,318,relationship,1,1
328,319,relationship,1,1
322,320,relationship,1,1
322,321,relationship,1,1
328,322,relationship,1,1
344,323,relationship,1,1
328,325,relationship,1,1
328,326,relationship,1,1
328,330,relationship,1,1
328,331,relationship,1,1
328,332,relationship,1,1
328,334,relationship,1,1
328,336,relationship,1,1
336,339,relationship,1,1
323,341,relationship,1,1
328,344,relationship,1,1
420,397,relationship,1,1
420,398,relationship,1,1
420,399,relationship,1,1
420,400,relationship,1,1
420,401,relationship,1,1
411,402,relationship,1,1
427,403,relationship,1,1
420,405,relationship,1,1
411,406,relationship,1,1
420,408,relationship,1,1
398,411,relationship,1,1
420,414,relationship,1,1
414,417,relationship,1,1
420,422,relationship,1,1
420,424,relationship,1,1
420,427,relationship,1,1
427,428,relationship,1,1
553,527,relationship,1,1
553,529,relationship,1,1
553,530,relationship,1,1
553,531,relationship,1,1
553,532,relationship,1,1
553,533,relationship,1,1
553,534,relationship,1,1
553,535,relationship,1,1
538,537,relationship,1,1
553,538,relationship,1,1
553,540,relationship,1,1
533,543,relationship,1,1
543,545,relationship,1,1
532,547,relationship,1,1
532,549,relationship,1,1
553,551,relationship,1,1
543,552,relationship,1,1
601,596,relationship,1,1
603,597,relationship,1,1
603,598,relationship,1,1
622,599,relationship,1,1
622,600,relationship,1,1
622,601,relationship,1,1
621,603,relationship,1,1
612,606,relationship,1,1
622,608,relationship,1,1
622,610,relationship,1,1
622,612,relationship,1,1
622,615,relationship,1,1
612,616,relationship,1,1
622,619,relationship,1,1
622,620,relationship,1,1
622,621,relationship,1,1
622,623,relationship,1,1
681,675,relationship,1,1
681,678,relationship,1,1
681,684,relationship,1,1
716,686,relationship,1,1
693,689,relationship,1,1
716,691,relationship,1,1
681,693,relationship,1,1
681,694,relationship,1,1
684,695,relationship,1,1
681,697,relationship,1,1
681,699,relationship,1,1
681,701,relationship,1,1
681,703,relationship,1,1
689,707,relationship,1,1
689,711,relationship,1,1
681,713,relationship,1,1
681,716,relationship,1,1
766,757,relationship,1,1
776,759,relationship,1,1
775,761,relationship,1,1
776,762,relationship,1,1
775,763,relationship,1,1
776,764,relationship,1,1
759,765,relationship,1,1
776,766,relationship,1,1
776,767,relationship,1,1
776,768,relationship,1,1
766,769,relationship,1,1
776,770,relationship,1,1
776,771,relationship,1,1
776,772,relationship,1,1
776,773,relationship,1,1
776,774,relationship,1,1
774,775,relationship,1,1
816,809,relationship,1,1
819,810,relationship,1,1
815,812,relationship,1,1
815,814,relationship,1,1
817,815,relationship,1,1
816,817,relationship,1,1
810,818,relationship,1,1
809,819,relationship,1,1
855,849,relationship,1,1
849,853,relationship,1,1
869,855,relationship,1,1
862,858,relationship,1,1
866,862,relationship,1,1
862,864,relationship,1,1
869,866,relationship,1,1
853,868,relationship,1,1
894,892,relationship,1,1
896,893,relationship,1,1
893,894,relationship,1,1
904,895,relationship,1,1
904,896,relationship,1,1
895,898,relationship,1,1
898,900,relationship,1,1
898,902,relationship,1,1
974,965,relationship,1,1
971,967,relationship,1,1
965,968,relationship,1,1
965,969,relationship,1,1
972,971,relationship,1,1
977,972,relationship,1,1
966,974,relationship,1,1
966,977,relationship,1,1
1077,1065,relationship,1,1
1066,1067,relationship,1,1
1066,1068,relationship,1,1
1066,1069,relationship,1,1
1081,1070,relationship,1,1
1070,1071,relationship,1,1
1079,1072,relationship,1,1
1068,1073,relationship,1,1
1068,1074,relationship,1,1
1066,1075,relationship,1,1
1069,1076,relationship,1,1
1076,1077,relationship,1,1
1070,1078,relationship,1,1
1080,1079,relationship,1,1
1067,1080,relationship,1,1
1075,1081,relationship,1,1
1077,1082,relationship,1,1
1136,1124,relationship,1,1
1136,1128,relationship,1,1
1163,1132,relationship,1,1
1160,1136,relationship,1,1
1163,1139,relationship,1,1
1158,1142,relationship,1,1
1153,1145,relationship,1,1
1160,1147,relationship,1,1
1151,1149,relationship,1,1
1142,1151,relationship,1,1
1156,1153,relationship,1,1
1160,1156,relationship,1,1
1160,1158,relationship,1,1
1151,1162,relationship,1,1
1165,1163,relationship,1,1
1147,1165,relationship,1,1
1145,1168,relationship,1,1
1313,1311,relationship,1,1
1330,1312,relationship,1,1
1322,1313,relationship,1,1
1320,1314,relationship,1,1
1314,1315,relationship,1,1
1315,1316,relationship,1,1
1321,1317,relationship,1,1
1325,1318,relationship,1,1
1313,1319,relationship,1,1
1321,1320,relationship,1,1
1317,1322,relationship,1,1
1334,1324,relationship,1,1
1312,1325,relationship,1,1
1325,1327,relationship,1,1
1321,1330,relationship,1,1
1334,1332,relationship,1,1
1321,1334,relationship,1,1
1376,1375,relationship,1,1
1382,1376,relationship,1,1
1389,1377,relationship,1,1
1391,1378,relationship,1,1
1382,1379,relationship,1,1
1385,1380,relationship,1,1
1382,1381,relationship,1,1
1380,1383,relationship,1,1
1381,1384,relationship,1,1
1379,1385,relationship,1,1
1380,1386,relationship,1,1
1390,1387,relationship,1,1
1389,1388,relationship,1,1
1378,1389,relationship,1,1
1375,1390,relationship,1,1
1382,1391,relationship,1,1
1381,1392,relationship,1,1
1435,1423,relationship,1,1
1427,1425,relationship,1,1
1446,1426,relationship,1,1
1428,1427,relationship,1,1
1437,1428,relationship,1,1
1432,1429,relationship,1,1
1437,1430,relationship,1,1
1437,1432,relationship,1,1
1423,1433,relationship,1,1
1444,1435,relationship,1,1
1430,1439,relationship,1,1
1423,1441,relationship,1,1
1446,1443,relationship,1,1
1437,1444,relationship,1,1
1429,1446,relationship,1,1
1425,1448,relationship,1,1
1430,1450,relationship,1,1
1578,1565,relationship,1,1
1581,1567,relationship,1,1
1576,1569,relationship,1,1
1569,1571,relationship,1,1
1584,1572,relationship,1,1
1565,1574,relationship,1,1
1576,1577,relationship,1,1
1576,1578,relationship,1,1
1574,1579,relationship,1,1
1571,1581,relationship,1,1
1577,1584,relationship,1,1
1572,1586,relationship,1,1
1574,1588,relationship,1,1
1592,1590,relationship,1,1
1592,1591,relationship,1,1
1576,1592,relationship,1,1
1581,1593,relationship,1,1
1642,1644,relationship,1,1
1644,1646,relationship,1,1
1800,1796,relationship,1,1
1796,1798,relationship,1,1
1847,1846,relationship,1,1
1848,1847,relationship,1,1
1892,1891,relationship,1,1
1889,1892,relationship,1,1
1900,1899,relationship,1,1
1901,1900,relationship,1,1
1951,1947,relationship,1,1
1955,1949,relationship,1,1
1953,1951,relationship,1,1
1944,1953,relationship,1,1
1959,1955,relationship,1,1
1955,1957,relationship,1,1
1951,1959,relationship,1,1
1953,1961,relationship,1,1
1953,1963,relationship,1,1
2068,2059,relationship,1,1
2071,2061,relationship,1,1
2080,2063,relationship,1,1
2071,2065,relationship,1,1
2063,2068,relationship,1,1
2056,2071,relationship,1,1
2080,2074,relationship,1,1
2068,2077,relationship,1,1
2071,2080,relationship,1,1
2208,2204,relationship,1,1
2206,2208,relationship,1,1
2214,2211,relationship,1,1
2211,2213,relationship,1,1
2204,2214,relationship,1,1
2208,2216,relationship,1,1
2211,2218,relationship,1,1
2204,2220,relationship,1,1
2208,2221,relationship,1,1
2266,2250,relationship,1,1
2254,2252,relationship,1,1
2256,2254,relationship,1,1
2266,2258,relationship,1,1
2254,2260,relationship,1,1
2260,2262,relationship,1,1
2260,2264,relationship,1,1
2262,2266,relationship,1,1
2254,2268,relationship,1,1
46,6,relationship,1,1
48,11,relationship,1,1
46,18,relationship,1,1
46,22,relationship,1,1
46,27,relationship,1,1
48,31,relationship,1,1
46,36,relationship,1,1
46,38,relationship,1,1
46,40,relationship,1,1
46,43,relationship,1,1
22,48,relationship,1,1
54,50,relationship,1,1
54,52,relationship,1,1
46,54,relationship,1,1
43,57,relationship,1,1
46,58,relationship,1,1
160,141,relationship,1,1
158,143,relationship,1,1
141,148,relationship,1,1
159,149,relationship,1,1
158,150,relationship,1,1
158,151,relationship,1,1
158,152,relationship,1,1
159,153,relationship,1,1
158,154,relationship,1,1
150,155,relationship,1,1
158,156,relationship,1,1
141,157,relationship,1,1
158,159,relationship,1,1
158,160,relationship,1,1
158,161,relationship,1,1
158,162,relationship,1,1
203,197,relationship,1,1
203,199,relationship,1,1
203,201,relationship,1,1
203,205,relationship,1,1
221,207,relationship,1,1
203,209,relationship,1,1
199,211,relationship,1,1
221,213,relationship,1,1
203,215,relationship,1,1
199,216,relationship,1,1
203,217,relationship,1,1
203,219,relationship,1,1
201,221,relationship,1,1
203,223,relationship,1,1
197,224,relationship,1,1
203,225,relationship,1,1
374,333,relationship,1,1
337,335,relationship,1,1
374,337,relationship,1,1
374,340,relationship,1,1
346,343,relationship,1,1
374,346,relationship,1,1
337,348,relationship,1,1
374,350,relationship,1,1
374,353,relationship,1,1
359,356,relationship,1,1
372,359,relationship,1,1
359,362,relationship,1,1
374,366,relationship,1,1
374,369,relationship,1,1
374,372,relationship,1,1
374,378,relationship,1,1
456,426,relationship,1,1
459,431,relationship,1,1
456,434,relationship,1,1
456,435,relationship,1,1
456,437,relationship,1,1
456,439,relationship,1,1
426,441,relationship,1,1
456,444,relationship,1,1
437,447,relationship,1,1
459,448,relationship,1,1
437,452,relationship,1,1
456,455,relationship,1,1
456,457,relationship,1,1
456,458,relationship,1,1
457,459,relationship,1,1
456,460,relationship,1,1
501,499,relationship,1,1
499,503,relationship,1,1
501,505,relationship,1,1
563,562,relationship,1,1
565,564,relationship,1,1
563,565,relationship,1,1
575,571,relationship,1,1
574,573,relationship,1,1
574,575,relationship,1,1
658,648,relationship,1,1
658,650,relationship,1,1
648,652,relationship,1,1
658,654,relationship,1,1
654,656,relationship,1,1
650,660,relationship,1,1
755,752,relationship,1,1
758,753,relationship,1,1
760,754,relationship,1,1
752,756,relationship,1,1
755,758,relationship,1,1
755,760,relationship,1,1
803,802,relationship,1,1
805,803,relationship,1,1
807,804,relationship,1,1
808,806,relationship,1,1
805,807,relationship,1,1
805,808,relationship,1,1
834,832,relationship,1,1
830,833,relationship,1,1
830,834,relationship,1,1
830,835,relationship,1,1
835,836,relationship,1,1
833,837,relationship,1,1
873,876,relationship,1,1
873,878,relationship,1,1
881,879,relationship,1,1
873,881,relationship,1,1
876,883,relationship,1,1
878,885,relationship,1,1
1221,1125,relationship,1,1
1247,1129,relationship,1,1
1221,1134,relationship,1,1
1221,1138,relationship,1,1
1218,1141,relationship,1,1
1261,1144,relationship,1,1
1125,1146,relationship,1,1
1134,1150,relationship,1,1
1189,1154,relationship,1,1
1251,1157,relationship,1,1
1270,1159,relationship,1,1
1169,1161,relationship,1,1
1208,1164,relationship,1,1
1250,1166,relationship,1,1
1206,1167,relationship,1,1
1203,1169,relationship,1,1
1270,1170,relationship,1,1
1205,1171,relationship,1,1
1185,1173,relationship,1,1
1178,1174,relationship,1,1
1228,1175,relationship,1,1
1144,1176,relationship,1,1
1172,1177,relationship,1,1
1176,1178,relationship,1,1
1207,1179,relationship,1,1
1261,1181,relationship,1,1
1172,1183,relationship,1,1
1208,1185,relationship,1,1
1207,1187,relationship,1,1
1234,1189,relationship,1,1
1255,1191,relationship,1,1
1207,1193,relationship,1,1
1164,1195,relationship,1,1
1241,1196,relationship,1,1
1268,1197,relationship,1,1
1169,1198,relationship,1,1
1189,1199,relationship,1,1
1167,1200,relationship,1,1
1185,1201,relationship,1,1
1138,1202,relationship,1,1
1146,1203,relationship,1,1
1125,1204,relationship,1,1
1263,1205,relationship,1,1
1218,1206,relationship,1,1
1221,1207,relationship,1,1
1146,1208,relationship,1,1
1255,1209,relationship,1,1
1178,1210,relationship,1,1
1167,1211,relationship,1,1
1270,1212,relationship,1,1
1138,1213,relationship,1,1
1138,1214,relationship,1,1
1228,1215,relationship,1,1
1221,1216,relationship,1,1
1134,1218,relationship,1,1
1157,1219,relationship,1,1
1183,1221,relationship,1,1
1171,1224,relationship,1,1
1172,1226,relationship,1,1
1231,1228,relationship,1,1
1187,1230,relationship,1,1
1183,1231,relationship,1,1
1197,1232,relationship,1,1
1197,1233,relationship,1,1
1191,1234,relationship,1,1
1172,1240,relationship,1,1
1129,1241,relationship,1,1
1185,1243,relationship,1,1
1216,1245,relationship,1,1
1144,1247,relationship,1,1
1221,1248,relationship,1,1
1172,1249,relationship,1,1
1253,1250,relationship,1,1
1257,1251,relationship,1,1
1259,1253,relationship,1,1
1141,1255,relationship,1,1
1230,1257,relationship,1,1
1219,1259,relationship,1,1
1221,1261,relationship,1,1
1196,1263,relationship,1,1
1261,1266,relationship,1,1
1193,1268,relationship,1,1
1141,1270,relationship,1,1
1449,1440,relationship,1,1
1540,1442,relationship,1,1
1452,1445,relationship,1,1
1498,1447,relationship,1,1
1498,1449,relationship,1,1
1510,1451,relationship,1,1
1513,1452,relationship,1,1
1537,1453,relationship,1,1
1498,1454,relationship,1,1
1556,1456,relationship,1,1
1530,1457,relationship,1,1
1498,1458,relationship,1,1
1546,1459,relationship,1,1
1521,1460,relationship,1,1
1454,1461,relationship,1,1
1498,1462,relationship,1,1
1545,1463,relationship,1,1
1453,1465,relationship,1,1
1559,1467,relationship,1,1
1456,1469,relationship,1,1
1442,1471,relationship,1,1
1455,1473,relationship,1,1
1530,1475,relationship,1,1
1542,1477,relationship,1,1
1552,1479,relationship,1,1
1575,1482,relationship,1,1
1562,1484,relationship,1,1
1447,1486,relationship,1,1
1479,1487,relationship,1,1
1455,1488,relationship,1,1
1462,1490,relationship,1,1
1445,1492,relationship,1,1
1560,1494,relationship,1,1
1499,1496,relationship,1,1
1513,1498,relationship,1,1
1498,1499,relationship,1,1
1563,1501,relationship,1,1
1542,1503,relationship,1,1
1484,1505,relationship,1,1
1528,1507,relationship,1,1
1568,1510,relationship,1,1
1455,1513,relationship,1,1
1453,1515,relationship,1,1
1467,1518,relationship,1,1
1545,1521,relationship,1,1
1539,1524,relationship,1,1
1518,1528,relationship,1,1
1556,1530,relationship,1,1
1462,1534,relationship,1,1
1447,1536,relationship,1,1
1566,1537,relationship,1,1
1563,1538,relationship,1,1
1555,1539,relationship,1,1
1559,1540,relationship,1,1
1479,1541,relationship,1,1
1553,1542,relationship,1,1
1560,1543,relationship,1,1
1453,1544,relationship,1,1
1537,1545,relationship,1,1
1524,1546,relationship,1,1
1462,1547,relationship,1,1
1563,1548,relationship,1,1
1455,1549,relationship,1,1
1442,1550,relationship,1,1
1548,1551,relationship,1,1
1566,1552,relationship,1,1
1501,1553,relationship,1,1
1507,1554,relationship,1,1
1551,1555,relationship,1,1
1461,1556,relationship,1,1
1445,1557,relationship,1,1
1455,1558,relationship,1,1
1447,1559,relationship,1,1
1573,1560,relationship,1,1
1575,1561,relationship,1,1
1554,1562,relationship,1,1
1498,1563,relationship,1,1
1454,1564,relationship,1,1
1449,1566,relationship,1,1
1459,1568,relationship,1,1
1530,1570,relationship,1,1
1461,1573,relationship,1,1
1460,1575,relationship,1,1
1741,1731,relationship,1,1
1794,1732,relationship,1,1
1742,1733,relationship,1,1
1824,1735,relationship,1,1
1833,1736,relationship,1,1
1752,1738,relationship,1,1
1814,1739,relationship,1,1
1742,1740,relationship,1,1
1783,1741,relationship,1,1
1752,1742,relationship,1,1
1735,1743,relationship,1,1
1851,1744,relationship,1,1
1742,1745,relationship,1,1
1763,1746,relationship,1,1
1763,1747,relationship,1,1
1782,1748,relationship,1,1
1745,1750,relationship,1,1
1828,1752,relationship,1,1
1797,1754,relationship,1,1
1733,1757,relationship,1,1
1793,1760,relationship,1,1
1831,1763,relationship,1,1
1828,1766,relationship,1,1
1778,1768,relationship,1,1
1760,1770,relationship,1,1
1813,1772,relationship,1,1
1835,1774,relationship,1,1
1822,1776,relationship,1,1
1807,1778,relationship,1,1
1806,1779,relationship,1,1
1741,1781,relationship,1,1
1795,1782,relationship,1,1
1802,1783,relationship,1,1
1827,1785,relationship,1,1
1828,1787,relationship,1,1
1829,1789,relationship,1,1
1803,1791,relationship,1,1
1805,1793,relationship,1,1
1826,1794,relationship,1,1
1827,1795,relationship,1,1
1742,1797,relationship,1,1
1733,1799,relationship,1,1
1797,1801,relationship,1,1
1733,1802,relationship,1,1
1854,1803,relationship,1,1
1776,1804,relationship,1,1
1768,1805,relationship,1,1
1785,1806,relationship,1,1
1845,1807,relationship,1,1
1833,1808,relationship,1,1
1803,1809,relationship,1,1
1851,1810,relationship,1,1
1825,1811,relationship,1,1
1735,1812,relationship,1,1
1830,1813,relationship,1,1
1732,1814,relationship,1,1
1776,1815,relationship,1,1
1763,1816,relationship,1,1
1833,1817,relationship,1,1
1745,1818,relationship,1,1
1806,1819,relationship,1,1
1828,1820,relationship,1,1
1831,1821,relationship,1,1
1744,1822,relationship,1,1
1742,1823,relationship,1,1
1801,1824,relationship,1,1
1738,1825,relationship,1,1
1772,1826,relationship,1,1
1740,1827,relationship,1,1
1742,1829,relationship,1,1
1851,1830,relationship,1,1
1801,1831,relationship,1,1
1821,1832,relationship,1,1
1795,1833,relationship,1,1
1739,1835,relationship,1,1
1821,1844,relationship,1,1
1802,1845,relationship,1,1
1740,1849,relationship,1,1
1825,1850,relationship,1,1
1742,1851,relationship,1,1
1828,1852,relationship,1,1
1745,1853,relationship,1,1
1844,1854,relationship,1,1
2145,2001,relationship,1,1
2131,2002,relationship,1,1
2143,2003,relationship,1,1
2030,2004,relationship,1,1
2060,2005,relationship,1,1
2030,2006,relationship,1,1
2106,2008,relationship,1,1
2028,2009,relationship,1,1
2106,2011,relationship,1,1
2043,2013,relationship,1,1
2086,2014,relationship,1,1
2104,2015,relationship,1,1
2042,2017,relationship,1,1
2142,2018,relationship,1,1
2086,2020,relationship,1,1
2078,2022,relationship,1,1
2043,2024,relationship,1,1
2128,2026,relationship,1,1
2032,2028,relationship,1,1
2142,2030,relationship,1,1
2047,2032,relationship,1,1
2028,2033,relationship,1,1
2047,2034,relationship,1,1
2106,2035,relationship,1,1
2088,2036,relationship,1,1
2003,2037,relationship,1,1
2032,2038,relationship,1,1
2090,2039,relationship,1,1
2044,2040,relationship,1,1
2034,2041,relationship,1,1
2002,2042,relationship,1,1
2015,2043,relationship,1,1
2078,2044,relationship,1,1
2137,2045,relationship,1,1
2032,2046,relationship,1,1
2090,2047,relationship,1,1
2064,2048,relationship,1,1
2121,2049,relationship,1,1
2041,2050,relationship,1,1
2097,2051,relationship,1,1
2134,2052,relationship,1,1
2078,2053,relationship,1,1
2121,2054,relationship,1,1
2046,2055,relationship,1,1
2046,2057,relationship,1,1
2081,2058,relationship,1,1
2032,2060,relationship,1,1
2102,2062,relationship,1,1
2111,2064,relationship,1,1
2088,2067,relationship,1,1
2090,2070,relationship,1,1
2090,2075,relationship,1,1
2032,2078,relationship,1,1
2052,2081,relationship,1,1
2095,2084,relationship,1,1
2060,2086,relationship,1,1
2014,2088,relationship,1,1
2018,2093,relationship,1,1
2032,2095,relationship,1,1
2020,2097,relationship,1,1
2046,2099,relationship,1,1
2104,2102,relationship,1,1
2028,2104,relationship,1,1
2020,2106,relationship,1,1
2030,2108,relationship,1,1
2126,2111,relationship,1,1
2041,2113,relationship,1,1
2022,2115,relationship,1,1
2037,2117,relationship,1,1
2090,2119,relationship,1,1
2032,2121,relationship,1,1
2037,2124,relationship,1,1
2001,2126,relationship,1,1
2140,2128,relationship,1,1
2115,2131,relationship,1,1
2017,2134,relationship,1,1
2040,2137,relationship,1,1
2049,2140,relationship,1,1
2137,2141,relationship,1,1
2049,2142,relationship,1,1
2018,2143,relationship,1,1
2128,2144,relationship,1,1
2062,2145,relationship,1,1
2439,2342,relationship,1,1
2360,2343,relationship,1,1
2364,2344,relationship,1,1
2430,2345,relationship,1,1
2397,2346,relationship,1,1
2385,2347,relationship,1,1
2363,2348,relationship,1,1
2364,2349,relationship,1,1
2382,2350,relationship,1,1
2394,2351,relationship,1,1
2356,2352,relationship,1,1
2356,2354,relationship,1,1
2356,2355,relationship,1,1
2392,2356,relationship,1,1
2439,2358,relationship,1,1
2365,2359,relationship,1,1
2409,2360,relationship,1,1
2408,2361,relationship,1,1
2438,2362,relationship,1,1
2399,2363,relationship,1,1
2437,2364,relationship,1,1
2355,2365,relationship,1,1
2433,2366,relationship,1,1
2433,2367,relationship,1,1
2419,2368,relationship,1,1
2434,2370,relationship,1,1
2420,2372,relationship,1,1
2421,2374,relationship,1,1
2406,2376,relationship,1,1
2429,2378,relationship,1,1
2416,2380,relationship,1,1
2395,2381,relationship,1,1
2359,2382,relationship,1,1
2360,2383,relationship,1,1
2380,2384,relationship,1,1
2417,2385,relationship,1,1
2381,2386,relationship,1,1
2355,2388,relationship,1,1
2425,2389,relationship,1,1
2421,2390,relationship,1,1
2438,2392,relationship,1,1
2440,2394,relationship,1,1
2366,2395,relationship,1,1
2432,2397,relationship,1,1
2430,2399,relationship,1,1
2438,2400,relationship,1,1
2413,2402,relationship,1,1
2417,2404,relationship,1,1
2421,2405,relationship,1,1
2422,2406,relationship,1,1
2363,2407,relationship,1,1
2347,2408,relationship,1,1
2366,2409,relationship,1,1
2434,2410,relationship,1,1
2397,2411,relationship,1,1
2439,2412,relationship,1,1
2389,2413,relationship,1,1
2355,2414,relationship,1,1
2417,2415,relationship,1,1
2365,2416,relationship,1,1
2356,2417,relationship,1,1
2438,2418,relationship,1,1
2409,2419,relationship,1,1
2356,2420,relationship,1,1
2345,2421,relationship,1,1
2345,2422,relationship,1,1
2360,2423,relationship,1,1
2352,2424,relationship,1,1
2361,2425,relationship,1,1
2438,2426,relationship,1,1
2431,2427,relationship,1,1
2382,2428,relationship,1,1
2351,2429,relationship,1,1
2420,2430,relationship,1,1
2402,2431,relationship,1,1
2392,2432,relationship,1,1
2356,2433,relationship,1,1
2376,2434,relationship,1,1
2422,2435,relationship,1,1
2381,2436,relationship,1,1
2404,2437,relationship,1,1
2356,2439,relationship,1,1
2384,2440,relationship,1,1
2502,2465,relationship,1,1
2523,2466,relationship,1,1
2498,2467,relationship,1,1
2519,2468,relationship,1,1
2467,2469,relationship,1,1
2495,2470,relationship,1,1
2497,2471,relationship,1,1
2466,2472,relationship,1,1
2484,2473,relationship,1,1
2505,2474,relationship,1,1
2523,2475,relationship,1,1
2542,2476,relationship,1,1
2473,2477,relationship,1,1
2523,2478,relationship,1,1
2539,2479,relationship,1,1
2478,2480,relationship,1,1
2491,2481,relationship,1,1
2496,2482,relationship,1,1
2506,2483,relationship,1,1
2535,2484,relationship,1,1
2490,2485,relationship,1,1
2469,2486,relationship,1,1
2522,2487,relationship,1,1
2466,2488,relationship,1,1
2492,2489,relationship,1,1
2517,2490,relationship,1,1
2548,2491,relationship,1,1
2495,2492,relationship,1,1
2487,2493,relationship,1,1
2539,2494,relationship,1,1
2523,2495,relationship,1,1
2523,2496,relationship,1,1
2523,2497,relationship,1,1
2526,2498,relationship,1,1
2478,2499,relationship,1,1
2509,2500,relationship,1,1
2519,2501,relationship,1,1
2520,2502,relationship,1,1
2473,2503,relationship,1,1
2478,2504,relationship,1,1
2516,2505,relationship,1,1
2513,2506,relationship,1,1
2497,2507,relationship,1,1
2465,2508,relationship,1,1
2542,2509,relationship,1,1
2489,2510,relationship,1,1
2530,2511,relationship,1,1
2523,2512,relationship,1,1
2541,2513,relationship,1,1
2512,2514,relationship,1,1
2495,2515,relationship,1,1
2492,2517,relationship,1,1
2519,2518,relationship,1,1
2522,2519,relationship,1,1
2486,2520,relationship,1,1
2510,2521,relationship,1,1
2488,2522,relationship,1,1
2505,2523,relationship,1,1
2516,2524,relationship,1,1
2516,2525,relationship,1,1
2507,2526,relationship,1,1
2538,2527,relationship,1,1
2511,2528,relationship,1,1
2509,2529,relationship,1,1
2488,2530,relationship,1,1
2540,2531,relationship,1,1
2521,2532,relationship,1,1
2509,2533,relationship,1,1
2538,2534,relationship,1,1
2487,2535,relationship,1,1
2516,2536,relationship,1,1
2511,2537,relationship,1,1
2531,2538,relationship,1,1
2474,2539,relationship,1,1
2497,2540,relationship,1,1
2532,2541,relationship,1,1
2514,2542,relationship,1,1
2512,2543,relationship,1,1
2491,2544,relationship,1,1
2516,2545,relationship,1,1
2490,2546,relationship,1,1
2476,2547,relationship,1,1
2514,2548,relationship,1,1
2562,2549,relationship,1,1
2608,2550,relationship,1,1
2623,2551,relationship,1,1
2608,2552,relationship,1,1
2557,2553,relationship,1,1
2575,2554,relationship,1,1
2610,2555,relationship,1,1
2616,2556,relationship,1,1
2563,2557,relationship,1,1
2607,2558,relationship,1,1
2549,2559,relationship,1,1
2587,2560,relationship,1,1
2610,2561,relationship,1,1
2586,2562,relationship,1,1
2584,2563,relationship,1,1
2619,2564,relationship,1,1
2608,2565,relationship,1,1
2565,2566,relationship,1,1
2553,2567,relationship,1,1
2631,2568,relationship,1,1
2585,2569,relationship,1,1
2605,2570,relationship,1,1
2585,2571,relationship,1,1
2591,2572,relationship,1,1
2596,2573,relationship,1,1
2573,2574,relationship,1,1
2621,2575,relationship,1,1
2615,2576,relationship,1,1
2610,2577,relationship,1,1
2617,2578,relationship,1,1
2572,2579,relationship,1,1
2604,2580,relationship,1,1
2560,2581,relationship,1,1
2608,2582,relationship,1,1
2581,2583,relationship,1,1
2594,2584,relationship,1,1
2608,2585,relationship,1,1
2582,2586,relationship,1,1
2565,2587,relationship,1,1
2614,2588,relationship,1,1
2631,2589,relationship,1,1
2610,2590,relationship,1,1
2554,2591,relationship,1,1
2582,2592,relationship,1,1
2612,2593,relationship,1,1
2587,2594,relationship,1,1
2569,2595,relationship,1,1
2586,2596,relationship,1,1
2552,2597,relationship,1,1
2573,2598,relationship,1,1
2601,2599,relationship,1,1
2576,2600,relationship,1,1
2595,2601,relationship,1,1
2581,2602,relationship,1,1
2576,2603,relationship,1,1
2578,2604,relationship,1,1
2618,2605,relationship,1,1
2601,2606,relationship,1,1
2632,2607,relationship,1,1
2577,2608,relationship,1,1
2576,2609,relationship,1,1
2612,2611,relationship,1,1
2608,2612,relationship,1,1
2616,2613,relationship,1,1
2567,2614,relationship,1,1
2619,2615,relationship,1,1
2564,2616,relationship,1,1
2549,2617,relationship,1,1
2577,2618,relationship,1,1
2552,2619,relationship,1,1
2604,2620,relationship,1,1
2558,2621,relationship,1,1
2605,2622,relationship,1,1
2608,2623,relationship,1,1
2631,2624,relationship,1,1
2615,2625,relationship,1,1
2565,2626,relationship,1,1
2610,2627,relationship,1,1
2612,2628,relationship,1,1
2625,2629,relationship,1,1
2585,2630,relationship,1,1
2562,2631,relationship,1,1
2630,2632,relationship,1,1
2706,2633,relationship,1,1
2633,2634,relationship,1,1
2658,2635,relationship,1,1
2703,2636,relationship,1,1
2646,2637,relationship,1,1
2693,2638,relationship,1,1
2660,2639,relationship,1,1
2656,2640,relationship,1,1
2645,2641,relationship,1,1
2639,2642,relationship,1,1
2667,2643,relationship,1,1
2671,2644,relationship,1,1
2666,2645,relationship,1,1
2655,2646,relationship,1,1
2679,2647,relationship,1,1
2650,2648,relationship,1,1
2671,2649,relationship,1,1
2664,2650,relationship,1,1
2705,2651,relationship,1,1
2648,2652,relationship,1,1
2663,2653,relationship,1,1
2661,2654,relationship,1,1
2674,2655,relationship,1,1
2708,2656,relationship,1,1
2663,2657,relationship,1,1
2659,2658,relationship,1,1
2710,2659,relationship,1,1
2657,2660,relationship,1,1
2647,2661,relationship,1,1
2637,2662,relationship,1,1
2650,2663,relationship,1,1
2703,2664,relationship,1,1
2710,2665,relationship,1,1
2657,2666,relationship,1,1
2680,2667,relationship,1,1
2651,2668,relationship,1,1
2639,2669,relationship,1,1
2645,2670,relationship,1,1
2674,2671,relationship,1,1
2660,2672,relationship,1,1
2648,2673,relationship,1,1
2679,2674,relationship,1,1
2664,2675,relationship,1,1
2635,2676,relationship,1,1
2703,2677,relationship,1,1
2704,2678,relationship,1,1
2688,2679,relationship,1,1
2673,2680,relationship,1,1
2693,2681,relationship,1,1
2662,2682,relationship,1,1
2671,2683,relationship,1,1
2661,2684,relationship,1,1
2634,2685,relationship,1,1
2672,2686,relationship,1,1
2691,2687,relationship,1,1
2650,2688,relationship,1,1
2650,2689,relationship,1,1
2703,2690,relationship,1,1
2652,2691,relationship,1,1
2702,2692,relationship,1,1
2650,2693,relationship,1,1
2703,2694,relationship,1,1
2693,2695,relationship,1,1
2639,2696,relationship,1,1
2655,2697,relationship,1,1
2650,2698,relationship,1,1
2702,2699,relationship,1,1
2675,2700,relationship,1,1
2689,2701,relationship,1,1
2665,2702,relationship,1,1
2650,2704,relationship,1,1
2676,2705,relationship,1,1
2687,2706,relationship,1,1
2668,2707,relationship,1,1
2685,2708,relationship,1,1
2648,2709,relationship,1,1
2704,2710,relationship,1,1
2688,2711,relationship,1,1
2662,2712,relationship,1,1
2700,2713,relationship,1,1
2700,2714,relationship,1,1
2704,2715,relationship,1,1
2667,2716,relationship,1,1
2717,2718,relationship,1,1
2717,2719,relationship,1,1
2721,2720,relationship,1,1
2721,2722,relationship,1,1
2723,2724,relationship,1,1
2723,2725,relationship,1,1
2726,2727,relationship,1,1
2726,2728,relationship,1,1
2731,2729,relationship,1,1
2731,2730,relationship,1,1
2734,2732,relationship,1,1
2734,2733,relationship,1,1
2737,2735,relationship,1,1
2737,2736,relationship,1,1
2739,2738,relationship,1,1
2739,2740,relationship,1,1
568,566,relationship,1,1
568,567,relationship,1,1
594,595,relationship,1,1
811,813,relationship,1,1
839,838,relationship,1,1
871,872,relationship,1,1
871,874,relationship,1,1
897,899,relationship,1,1
897,901,relationship,1,1
964,962,relationship,1,1
964,963,relationship,1,1
1002,997,relationship,1,1
1004,999,relationship,1,1
1002,1001,relationship,1,1
1002,1003,relationship,1,1
1002,1004,relationship,1,1
1004,1005,relationship,1,1
1002,1006,relationship,1,1
997,1007,relationship,1,1
1030,1026,relationship,1,1
1030,1027,relationship,1,1
1030,1028,relationship,1,1
1030,1029,relationship,1,1
1030,1032,relationship,1,1
1029,1034,relationship,1,1
1029,1036,relationship,1,1
1032,1038,relationship,1,1
1089,1083,relationship,1,1
1089,1084,relationship,1,1
1089,1085,relationship,1,1
1089,1086,relationship,1,1
1089,1087,relationship,1,1
1086,1088,relationship,1,1
1086,1090,relationship,1,1
1087,1091,relationship,1,1
1126,1122,relationship,1,1
1280,1126,relationship,1,1
1126,1131,relationship,1,1
1280,1135,relationship,1,1
1126,1282,relationship,1,1
1280,1284,relationship,1,1
1299,1294,relationship,1,1
1299,1296,relationship,1,1
1301,1297,relationship,1,1
1299,1301,relationship,1,1
1301,1303,relationship,1,1
1301,1305,relationship,1,1
1342,1339,relationship,1,1
1342,1344,relationship,1,1
1366,1363,relationship,1,1
1366,1368,relationship,1,1
726,725,relationship,1,1
724,726,relationship,1,1
744,740,relationship,1,1
740,748,relationship,1,1
784,782,relationship,1,1
783,784,relationship,1,1
850,844,relationship,1,1
847,850,relationship,1,1
847,852,relationship,1,1
847,856,relationship,1,1
847,859,relationship,1,1
859,861,relationship,1,1
975,970,relationship,1,1
979,973,relationship,1,1
979,975,relationship,1,1
978,976,relationship,1,1
979,978,relationship,1,1
979,980,relationship,1,1
1025,1019,relationship,1,1
1025,1020,relationship,1,1
1025,1021,relationship,1,1
1025,1022,relationship,1,1
1021,1023,relationship,1,1
1022,1024,relationship,1,1
1056,1057,relationship,1,1
1056,1058,relationship,1,1
1056,1059,relationship,1,1
1059,1060,relationship,1,1
1062,1061,relationship,1,1
1056,1062,relationship,1,1
1110,1100,relationship,1,1
1116,1114,relationship,1,1
1110,1116,relationship,1,1
1140,1133,relationship,1,1
1140,1137,relationship,1,1
1133,1143,relationship,1,1
1229,1223,relationship,1,1
1227,1225,relationship,1,1
1229,1227,relationship,1,1
1353,1352,relationship,1,1
1353,1354,relationship,1,1
1353,1355,relationship,1,1
1353,1356,relationship,1,1
1397,1395,relationship,1,1
1397,1396,relationship,1,1
1397,1398,relationship,1,1
1397,1399,relationship,1,1
1419,1420,relationship,1,1
1419,1421,relationship,1,1
1419,1422,relationship,1,1
1419,1424,relationship,1,1
1512,1516,relationship,1,1
1512,1519,relationship,1,1
1512,1522,relationship,1,1
1512,1525,relationship,1,1
1609,1602,relationship,1,1
1609,1604,relationship,1,1
1617,1606,relationship,1,1
1609,1611,relationship,1,1
1609,1614,relationship,1,1
1609,1617,relationship,1,1
1609,1619,relationship,1,1
35,0,relationship,1,1
35,9,relationship,1,1
35,17,relationship,1,1
17,23,relationship,1,1
35,28,relationship,1,1
35,32,relationship,1,1
35,39,relationship,1,1
121,113,relationship,1,1
121,117,relationship,1,1
121,124,relationship,1,1
124,127,relationship,1,1
121,130,relationship,1,1
121,133,relationship,1,1
121,135,relationship,1,1
187,181,relationship,1,1
181,184,relationship,1,1
187,185,relationship,1,1
187,186,relationship,1,1
187,188,relationship,1,1
187,189,relationship,1,1
187,190,relationship,1,1
305,292,relationship,1,1
302,294,relationship,1,1
305,295,relationship,1,1
305,296,relationship,1,1
305,298,relationship,1,1
305,300,relationship,1,1
305,302,relationship,1,1
380,379,relationship,1,1
376,380,relationship,1,1
396,395,relationship,1,1
394,396,relationship,1,1
450,445,relationship,1,1
445,453,relationship,1,1
510,507,relationship,1,1
510,508,relationship,1,1
559,560,relationship,1,1
559,561,relationship,1,1
570,569,relationship,1,1
570,572,relationship,1,1
630,629,relationship,1,1
630,631,relationship,1,1
717,705,relationship,1,1
717,710,relationship,1,1
722,714,relationship,1,1
717,720,relationship,1,1
717,722,relationship,1,1
751,738,relationship,1,1
750,742,relationship,1,1
750,746,relationship,1,1
750,749,relationship,1,1
750,751,relationship,1,1
786,785,relationship,1,1
786,787,relationship,1,1
786,790,relationship,1,1
795,792,relationship,1,1
786,795,relationship,1,1
846,840,relationship,1,1
846,841,relationship,1,1
840,842,relationship,1,1
851,843,relationship,1,1
846,845,relationship,1,1
845,848,relationship,1,1
846,851,relationship,1,1
857,854,relationship,1,1
846,857,relationship,1,1
863,860,relationship,1,1
846,863,relationship,1,1
863,865,relationship,1,1
860,867,relationship,1,1
845,870,relationship,1,1
985,984,relationship,1,1
987,985,relationship,1,1
985,986,relationship,1,1
987,988,relationship,1,1
998,989,relationship,1,1
994,990,relationship,1,1
996,991,relationship,1,1
993,992,relationship,1,1
987,993,relationship,1,1
998,994,relationship,1,1
987,995,relationship,1,1
987,996,relationship,1,1
987,998,relationship,1,1
995,1000,relationship,1,1
1037,1031,relationship,1,1
1046,1033,relationship,1,1
1049,1035,relationship,1,1
1043,1039,relationship,1,1
1037,1040,relationship,1,1
1031,1041,relationship,1,1
1040,1042,relationship,1,1
1037,1043,relationship,1,1
1037,1044,relationship,1,1
1051,1045,relationship,1,1
1037,1046,relationship,1,1
1040,1048,relationship,1,1
1037,1049,relationship,1,1
1043,1051,relationship,1,1
1099,1093,relationship,1,1
1095,1094,relationship,1,1
1092,1095,relationship,1,1
1092,1096,relationship,1,1
1092,1097,relationship,1,1
1092,1099,relationship,1,1
1092,1101,relationship,1,1
1101,1104,relationship,1,1
1092,1106,relationship,1,1
1096,1109,relationship,1,1
1093,1113,relationship,1,1
1099,1117,relationship,1,1
1101,1119,relationship,1,1
1097,1121,relationship,1,1
1267,1252,relationship,1,1
1252,1254,relationship,1,1
1271,1256,relationship,1,1
1265,1258,relationship,1,1
1262,1260,relationship,1,1
1265,1262,relationship,1,1
1252,1264,relationship,1,1
1272,1267,relationship,1,1
1272,1269,relationship,1,1
1273,1271,relationship,1,1
1265,1272,relationship,1,1
1265,1273,relationship,1,1
1273,1274,relationship,1,1
1267,1275,relationship,1,1
1361,1357,relationship,1,1
1362,1359,relationship,1,1
1371,1360,relationship,1,1
1358,1361,relationship,1,1
1365,1362,relationship,1,1
1369,1364,relationship,1,1
1358,1365,relationship,1,1
1371,1367,relationship,1,1
1362,1369,relationship,1,1
1358,1370,relationship,1,1
1358,1371,relationship,1,1
1367,1372,relationship,1,1
1365,1373,relationship,1,1
1369,1374,relationship,1,1
1410,1404,relationship,1,1
1417,1405,relationship,1,1
1411,1406,relationship,1,1
1411,1407,relationship,1,1
1411,1408,relationship,1,1
1408,1409,relationship,1,1
1406,1410,relationship,1,1
1410,1412,relationship,1,1
1412,1413,relationship,1,1
1417,1414,relationship,1,1
1412,1415,relationship,1,1
1406,1416,relationship,1,1
1411,1417,relationship,1,1
1414,1418,relationship,1,1
1526,1497,relationship,1,1
1526,1502,relationship,1,1
1500,1504,relationship,1,1
1514,1506,relationship,1,1
1520,1508,relationship,1,1
1520,1509,relationship,1,1
1504,1511,relationship,1,1
1529,1514,relationship,1,1
1529,1517,relationship,1,1
1497,1520,relationship,1,1
1500,1523,relationship,1,1
1500,1526,relationship,1,1
1500,1529,relationship,1,1
1497,1532,relationship,1,1
1648,1626,relationship,1,1
1645,1629,relationship,1,1
1639,1631,relationship,1,1
1638,1634,relationship,1,1
1651,1636,relationship,1,1
1645,1638,relationship,1,1
1645,1639,relationship,1,1
1645,1640,relationship,1,1
1664,1641,relationship,1,1
1662,1643,relationship,1,1
1645,1647,relationship,1,1
1645,1648,relationship,1,1
1645,1649,relationship,1,1
1645,1651,relationship,1,1
1645,1652,relationship,1,1
1645,1654,relationship,1,1
1648,1656,relationship,1,1
1645,1658,relationship,1,1
1645,1660,relationship,1,1
1645,1662,relationship,1,1
1640,1663,relationship,1,1
1645,1664,relationship,1,1
1645,1665,relationship,1,1
1728,1720,relationship,1,1
1728,1721,relationship,1,1
1728,1722,relationship,1,1
1728,1723,relationship,1,1
1728,1724,relationship,1,1
1728,1725,relationship,1,1
1775,1726,relationship,1,1
1728,1727,relationship,1,1
1728,1729,relationship,1,1
1724,1730,relationship,1,1
1728,1749,relationship,1,1
1728,1751,relationship,1,1
1729,1755,relationship,1,1
1775,1758,relationship,1,1
1728,1761,relationship,1,1
1773,1764,relationship,1,1
1728,1767,relationship,1,1
1751,1769,relationship,1,1
1725,1771,relationship,1,1
1728,1773,relationship,1,1
1728,1775,relationship,1,1
1722,1777,relationship,1,1
1728,1780,relationship,1,1
1861,1855,relationship,1,1
1862,1856,relationship,1,1
1861,1857,relationship,1,1
1861,1858,relationship,1,1
1861,1859,relationship,1,1
1861,1860,relationship,1,1
1861,1862,relationship,1,1
1861,1863,relationship,1,1
1861,1864,relationship,1,1
1858,1865,relationship,1,1
1861,1866,relationship,1,1
1859,1867,relationship,1,1
1861,1868,relationship,1,1
1859,1869,relationship,1,1
1861,1870,relationship,1,1
1861,1871,relationship,1,1
1861,1872,relationship,1,1
1872,1873,relationship,1,1
1855,1874,relationship,1,1
1861,1875,relationship,1,1
1866,1876,relationship,1,1
1861,1877,relationship,1,1
1877,1878,relationship,1,1
1903,1902,relationship,1,1
1923,1903,relationship,1,1
1925,1904,relationship,1,1
1923,1905,relationship,1,1
1912,1906,relationship,1,1
1923,1907,relationship,1,1
1923,1908,relationship,1,1
1923,1909,relationship,1,1
1923,1910,relationship,1,1
1923,1911,relationship,1,1
1923,1912,relationship,1,1
1910,1913,relationship,1,1
1923,1914,relationship,1,1
1923,1915,relationship,1,1
1915,1916,relationship,1,1
1905,1917,relationship,1,1
1923,1918,relationship,1,1
1923,1919,relationship,1,1
1910,1920,relationship,1,1
1914,1921,relationship,1,1
1923,1922,relationship,1,1
1923,1924,relationship,1,1
1923,1925,relationship,1,1
2083,2066,relationship,1,1
2138,2069,relationship,1,1
2082,2072,relationship,1,1
2123,2073,relationship,1,1
2091,2076,relationship,1,1
2122,2079,relationship,1,1
2083,2082,relationship,1,1
2069,2083,relationship,1,1
2116,2085,relationship,1,1
2123,2087,relationship,1,1
2123,2089,relationship,1,1
2069,2091,relationship,1,1
2122,2092,relationship,1,1
2123,2094,relationship,1,1
2138,2096,relationship,1,1
2091,2098,relationship,1,1
2138,2100,relationship,1,1
2082,2101,relationship,1,1
2123,2103,relationship,1,1
2076,2105,relationship,1,1
2123,2107,relationship,1,1
2122,2109,relationship,1,1
2096,2110,relationship,1,1
2123,2112,relationship,1,1
2069,2114,relationship,1,1
2138,2116,relationship,1,1
2069,2118,relationship,1,1
2123,2120,relationship,1,1
2069,2123,relationship,1,1
2076,2125,relationship,1,1
2096,2127,relationship,1,1
2138,2129,relationship,1,1
2129,2132,relationship,1,1
2116,2135,relationship,1,1
2122,2138,relationship,1,1
2100,2139,relationship,1,1
2292,2251,relationship,1,1
2286,2253,relationship,1,1
2292,2255,relationship,1,1
2298,2257,relationship,1,1
2292,2259,relationship,1,1
2298,2261,relationship,1,1
2292,2265,relationship,1,1
2300,2267,relationship,1,1
2300,2269,relationship,1,1
2302,2270,relationship,1,1
2263,2271,relationship,1,1
2285,2272,relationship,1,1
2292,2273,relationship,1,1
2263,2274,relationship,1,1
2304,2275,relationship,1,1
2277,2276,relationship,1,1
2274,2277,relationship,1,1
2269,2278,relationship,1,1
2292,2279,relationship,1,1
2274,2280,relationship,1,1
2292,2281,relationship,1,1
2263,2282,relationship,1,1
2286,2283,relationship,1,1
2292,2284,relationship,1,1
2304,2285,relationship,1,1
2274,2286,relationship,1,1
2280,2287,relationship,1,1
2263,2289,relationship,1,1
2269,2290,relationship,1,1
2304,2292,relationship,1,1
2277,2294,relationship,1,1
2304,2296,relationship,1,1
2285,2298,relationship,1,1
2304,2300,relationship,1,1
2274,2302,relationship,1,1
2274,2304,relationship,1,1
2341,2338,relationship,1,1
2341,2339,relationship,1,1
2341,2340,relationship,1,1
1401,1400,relationship,1,1
1401,1402,relationship,1,1
1401,1403,relationship,1,1
1434,1431,relationship,1,1
1434,1436,relationship,1,1
1434,1438,relationship,1,1
1533,1527,relationship,1,1
1533,1531,relationship,1,1
1533,1535,relationship,1,1
1610,1613,relationship,1,1
1610,1615,relationship,1,1
1610,1618,relationship,1,1
1610,1620,relationship,1,1
1790,1784,relationship,1,1
1790,1786,relationship,1,1
1790,1788,relationship,1,1
1790,1792,relationship,1,1
1843,1841,relationship,1,1
1888,1887,relationship,1,1
1898,1897,relationship,1,1
1928,1926,relationship,1,1
1928,1927,relationship,1,1
2007,2010,relationship,1,1
2007,2012,relationship,1,1
2130,2133,relationship,1,1
2130,2136,relationship,1,1
2244,2230,relationship,1,1
2244,2231,relationship,1,1
2244,2232,relationship,1,1
2244,2233,relationship,1,1
2244,2234,relationship,1,1
2244,2235,relationship,1,1
2244,2236,relationship,1,1
2244,2237,relationship,1,1
2244,2238,relationship,1,1
2244,2239,relationship,1,1
2244,2240,relationship,1,1
2244,2241,relationship,1,1
2244,2242,relationship,1,1
2244,2243,relationship,1,1
2371,2353,relationship,1,1
2371,2357,relationship,1,1
2371,2369,relationship,1,1
2371,2373,relationship,1,1
2371,2375,relationship,1,1
2371,2377,relationship,1,1
2371,2379,relationship,1,1
2371,2387,relationship,1,1
2371,2391,relationship,1,1
2371,2393,relationship,1,1
2371,2396,relationship,1,1
2371,2398,relationship,1,1
2371,2401,relationship,1,1
2371,2403,relationship,1,1
2456,2447,relationship,1,1
2456,2448,relationship,1,1
2456,2449,relationship,1,1
2456,2450,relationship,1,1
2456,2451,relationship,1,1
2456,2452,relationship,1,1
2456,2453,relationship,1,1
2456,2454,relationship,1,1
2456,2455,relationship,1,1
2456,2457,relationship,1,1
2456,2458,relationship,1,1
2456,2459,relationship,1,1
2456,2460,relationship,1,1
2456,2461,relationship,1,1
1690,1680,relationship,1,1
1690,1681,relationship,1,1
1690,1682,relationship,1,1
1690,1683,relationship,1,1
1690,1684,relationship,1,1
1690,1685,relationship,1,1
1690,1686,relationship,1,1
1690,1687,relationship,1,1
1690,1688,relationship,1,1
1690,1689,relationship,1,1
1690,1691,relationship,1,1
1690,1692,relationship,1,1
1690,1693,relationship,1,1
1690,1694,relationship,1,1
1765,1753,relationship,1,1
1765,1756,relationship,1,1
1765,1759,relationship,1,1
1765,1762,relationship,1,1
1842,1837,relationship,1,1
1842,1838,relationship,1,1
1842,1839,relationship,1,1
1842,1840,relationship,1,1
1894,1890,relationship,1,1
1894,1893,relationship,1,1
1894,1895,relationship,1,1
1894,1896,relationship,1,1
1934,1930,relationship,1,1
1954,1931,relationship,1,1
1937,1932,relationship,1,1
1929,1933,relationship,1,1
1929,1934,relationship,1,1
1929,1935,relationship,1,1
1950,1936,relationship,1,1
1933,1937,relationship,1,1
1929,1938,relationship,1,1
1929,1939,relationship,1,1
1945,1940,relationship,1,1
1937,1941,relationship,1,1
1929,1942,relationship,1,1
1929,1943,relationship,1,1
1962,1945,relationship,1,1
1929,1946,relationship,1,1
1937,1948,relationship,1,1
1929,1950,relationship,1,1
1929,1952,relationship,1,1
1929,1954,relationship,1,1
1974,1956,relationship,1,1
1942,1958,relationship,1,1
1938,1960,relationship,1,1
1929,1962,relationship,1,1
1929,1965,relationship,1,1
1935,1967,relationship,1,1
1929,1969,relationship,1,1
1929,1970,relationship,1,1
1929,1972,relationship,1,1
1929,1974,relationship,1,1
2158,2152,relationship,1,1
2154,2153,relationship,1,1
2165,2154,relationship,1,1
2158,2155,relationship,1,1
2158,2156,relationship,1,1
2158,2157,relationship,1,1
2158,2159,relationship,1,1
2158,2160,relationship,1,1
2185,2161,relationship,1,1
2152,2162,relationship,1,1
2171,2163,relationship,1,1
2158,2164,relationship,1,1
2158,2165,relationship,1,1
2158,2166,relationship,1,1
2185,2167,relationship,1,1
2185,2168,relationship,1,1
2158,2169,relationship,1,1
2158,2170,relationship,1,1
2158,2171,relationship,1,1
2176,2173,relationship,1,1
2159,2174,relationship,1,1
2158,2176,relationship,1,1
2156,2178,relationship,1,1
2158,2180,relationship,1,1
2158,2183,relationship,1,1
2160,2185,relationship,1,1
2158,2187,relationship,1,1
2158,2189,relationship,1,1
2187,2191,relationship,1,1
2189,2193,relationship,1,1
2327,2288,relationship,1,1
2324,2291,relationship,1,1
2324,2293,relationship,1,1
2307,2295,relationship,1,1
2324,2297,relationship,1,1
2324,2299,relationship,1,1
2310,2301,relationship,1,1
2291,2303,relationship,1,1
2324,2305,relationship,1,1
2324,2306,relationship,1,1
2324,2307,relationship,1,1
2324,2308,relationship,1,1
2324,2309,relationship,1,1
2324,2310,relationship,1,1
2306,2311,relationship,1,1
2313,2312,relationship,1,1
2309,2313,relationship,1,1
2313,2314,relationship,1,1
2324,2315,relationship,1,1
2305,2316,relationship,1,1
2324,2317,relationship,1,1
2324,2318,relationship,1,1
2324,2319,relationship,1,1
2324,2320,relationship,1,1
2293,2321,relationship,1,1
2313,2322,relationship,1,1
2318,2323,relationship,1,1
2324,2325,relationship,1,1
2311,2326,relationship,1,1
2324,2327,relationship,1,1
1987,1964,relationship,1,1
1980,1966,relationship,1,1
1980,1968,relationship,1,1
1978,1971,relationship,1,1
1980,1973,relationship,1,1
1980,1975,relationship,1,1
1987,1976,relationship,1,1
1987,1977,relationship,1,1
1989,1978,relationship,1,1
1980,1979,relationship,1,1
1980,1981,relationship,1,1
1980,1982,relationship,1,1
1980,1983,relationship,1,1
1983,1984,relationship,1,1
1980,1985,relationship,1,1
1998,1986,relationship,1,1
1988,1987,relationship,1,1
1980,1988,relationship,1,1
1980,1989,relationship,1,1
1999,1990,relationship,1,1
1980,1991,relationship,1,1
1993,1992,relationship,1,1
1980,1993,relationship,1,1
1985,1994,relationship,1,1
1982,1995,relationship,1,1
1991,1996,relationship,1,1
1980,1997,relationship,1,1
1980,1998,relationship,1,1
1980,1999,relationship,1,1
1980,2000,relationship,1,1
2198,2172,relationship,1,1
2200,2175,relationship,1,1
2198,2177,relationship,1,1
2205,2179,relationship,1,1
2198,2181,relationship,1,1
2203,2182,relationship,1,1
2181,2184,relationship,1,1
2172,2186,relationship,1,1
2198,2188,relationship,1,1
2198,2190,relationship,1,1
2198,2192,relationship,1,1
2205,2194,relationship,1,1
2198,2195,relationship,1,1
2198,2196,relationship,1,1
2205,2197,relationship,1,1
2198,2199,relationship,1,1
2198,2200,relationship,1,1
2196,2201,relationship,1,1
2188,2202,relationship,1,1
2198,2203,relationship,1,1
2223,2205,relationship,1,1
2202,2207,relationship,1,1
2222,2209,relationship,1,1
2198,2210,relationship,1,1
2198,2212,relationship,1,1
2198,2215,relationship,1,1
2177,2217,relationship,1,1
2198,2219,relationship,1,1
2198,2222,relationship,1,1
2198,2223,relationship,1,1
2247,2245,relationship,1,1
2247,2246,relationship,1,1
2245,2248,relationship,1,1
2247,2249,relationship,1,1
2330,2328,relationship,1,1
2330,2329,relationship,1,1
2330,2331,relationship,1,1
2331,2332,relationship,1,1
2333,2334,relationship,1,1
2333,2335,relationship,1,1
2333,2336,relationship,1,1
2335,2337,relationship,1,1
2441,2442,relationship,1,1
2441,2443,relationship,1,1
2446,2444,relationship,1,1
2446,2445,relationship,1,1
2464,2462,relationship,1,1
2464,2463,relationship,1,1
